date,symbol,open,high,low,close,volume,market_cap
2021-01-01,BTC,41236.203565420874,54435.659990691085,33739.12079399721,45572.45355408654,2046822734.943624,1079263245474.4121
2021-01-02,BTC,58521.42919229748,48763.37282204421,44798.92936872911,44375.45632889193,1987915196.2879992,1035169456258.3024
2021-01-03,BTC,51959.81825434216,40833.46657002147,55061.32091216865,30769.261974193072,4625018322.0841465,901470266018.9014
2021-01-04,BTC,47959.7545259111,58482.8256897432,50698.971478696396,40237.43482878469,1998184799.3980246,1169233000528.353
2021-01-05,BTC,34680.559213273096,53965.59103938578,53003.39558370494,41405.868563575714,2087798904.514524,640332160869.882
2021-01-06,BTC,34679.83561008608,35691.5928770712,48422.28436803224,41964.68342690702,4037593049.671855,576484947216.735
2021-01-07,BTC,31742.508365045986,61882.451457284486,49460.573500053426,47405.17107681997,2798959369.8021603,1097773376868.7955
2021-01-08,BTC,55985.284373248054,58788.80350231091,54325.0651985249,46008.07640180636,4106842227.820725,807404871643.6238
2021-01-09,BTC,48033.45035229626,63242.99696521734,35739.708274634766,48237.152783803336,1261464630.257541,1092878197944.9424
2021-01-10,BTC,51242.177333881365,55400.1827935926,43172.173872937354,52946.49784626385,2950284774.693537,1125163143636.7905
2021-01-11,BTC,30617.53482887407,51469.53185775265,34857.49269640767,54389.57216148281,1134454400.7331305,543720315533.35
2021-01-12,BTC,59097.29556485983,44638.50627017166,58617.70824789606,51543.69228679483,1250612813.821418,1118425334090.2424
2021-01-13,BTC,54973.27922401265,62645.49691739047,57265.83953028501,58665.71087864804,4625749813.377644,813823338758.5955
2021-01-14,BTC,36370.17332034829,60312.23613251429,29222.231152423683,30546.97748029085,1556981484.4703808,857302742302.9625
2021-01-15,BTC,35454.74901621302,31582.65345371663,49872.83034798634,35873.33957050638,3129682729.100868,938614757765.2472
2021-01-16,BTC,35502.13529560302,30922.84410740382,56682.697839885644,30226.886249344265,2644382410.4028263,1148467824711.0608
2021-01-17,BTC,39127.26728878613,43176.21784073173,33597.83569894734,49424.241424638094,2389373305.035371,513381266100.83484
2021-01-18,BTC,45742.69294896713,58369.366577364155,45606.302147131515,56940.91646849961,4599333382.74909,833790427822.4719
2021-01-19,BTC,42958.350559263476,64554.66452602306,56380.13722522929,37304.46889728898,1087293587.101958,981405429701.3925
2021-01-20,BTC,38736.87420594126,35264.59118862348,29052.325336159764,57811.036343889195,3655158744.7023563,1005894870388.76
2021-01-21,BTC,48355.586841671386,50794.57503732473,49620.02828465204,31808.021708686825,4853577736.854202,984772702075.9756
2021-01-22,BTC,34184.815819561256,43331.179982085756,37217.81922854907,58033.08080416542,3240672733.847368,594104590585.6853
2021-01-23,BTC,38764.33945605654,63947.00392351111,56656.28205667244,40548.680617189035,4747289848.132367,709576911860.1769
2021-01-24,BTC,40990.855298810755,59474.16230974981,58102.805600126405,33042.624853476496,1209031517.144095,751100867791.9094
2021-01-25,BTC,43682.099526511076,59341.50466488983,57272.26116251645,44576.15277558977,2675173276.2966456,1063106045375.6534
2021-01-26,BTC,53555.27884179041,46404.260592823965,42700.64071638138,37703.297031615235,2040631163.8482046,695131910690.1871
2021-01-27,BTC,35990.21346475079,44518.682581818284,54723.32218066872,38546.187058857686,3923283859.9229193,647493474707.0422
2021-01-28,BTC,45427.033152408345,39569.24751757472,54181.03135458718,39218.698947788595,4925188361.988987,1170213613326.6675
2021-01-29,BTC,47772.437065861275,31973.142382782447,37892.11467054093,54090.776934979905,2026120249.7769914,506204299579.4282
2021-01-30,BTC,31393.512381599932,60265.283168926864,53696.37969867099,46174.83830025763,3616698405.896298,1198474598977.3848
2021-01-31,BTC,48226.345557043154,58451.53531955271,29147.23667618027,39339.23097468011,1792390531.0389605,973774909200.177
2021-02-01,BTC,35115.723710618746,64990.11856501457,46484.36623294365,48310.01349932755,3261321018.2864394,1079928509614.382
2021-02-02,BTC,31951.547789558386,64882.289297586685,35130.2739559188,51484.52022669581,2855729946.7533445,706233577442.3352
2021-02-03,BTC,58466.5661176,49440.10969609196,31737.57345909564,38178.72002200601,4888021318.526148,510020694366.94196
2021-02-04,BTC,58968.96099223678,56914.559531317864,30385.549250505483,42406.47304576055,3434109090.7858663,1016508662993.071
2021-02-05,BTC,54251.92044349383,63066.80054588498,49584.95205222233,33656.58280010843,2398025488.347275,1083901217900.473
2021-02-06,BTC,39138.41307520112,59737.658673709404,38536.12387681005,35434.48048604041,1456383139.5517335,1018333292367.4634
2021-02-07,BTC,32930.163420191515,38657.183561011916,50467.769917391604,50433.535618949485,1604987314.9397383,599995201110.587
2021-02-08,BTC,50526.990795364705,45769.04473585327,30026.046564767214,35443.15043086881,1901267719.8049402,1027399545579.8784
2021-02-09,BTC,43204.57481218804,34520.579530302326,37774.00047274892,45754.901510011805,2003866645.361192,1038245947475.3486
2021-02-10,BTC,33661.147045343365,63391.78595405528,44724.23006363545,51271.38785167298,4402464231.364552,960978360969.0385
2021-02-11,BTC,44855.30730333811,51216.1122057808,52512.41811000787,33206.30769284232,3244891153.1301,1036281152956.9104
2021-02-12,BTC,31031.65563345655,38002.49819262119,37881.327590894165,47019.36658886711,3093563645.497466,1092145007774.4125
2021-02-13,BTC,57279.61206236346,53509.52395420498,47402.63266954728,37696.88351104091,1459075487.4768698,929522879966.221
2021-02-14,BTC,37763.399448000506,51634.488416026354,55465.3101953218,58887.80625712739,4440558773.397739,562023299778.7754
2021-02-15,BTC,49875.668530619456,42535.69513114942,47091.758833651445,44506.36940159774,3891257212.833935,841339466767.0476
2021-02-16,BTC,39351.33228268233,33974.51572698702,35221.743717362646,54179.77649325474,1270673447.6000063,554354534270.1235
2021-02-17,BTC,45602.04063533433,53505.06184574799,28756.42422825268,46506.79626468785,3831340388.9190745,785280121722.7017
2021-02-18,BTC,46401.30838029839,48210.769531632766,54973.06509092882,31302.375985644576,3174152869.3705845,784974542387.9393
2021-02-19,BTC,35545.63366576581,57031.143710747376,28659.351736362,48994.54126782067,1326901382.987113,546206890898.1691
2021-02-20,BTC,59087.538832936756,48205.72253891977,55115.75185321018,58542.10026619971,2833202566.114626,744174373778.6355
2021-02-21,BTC,53253.98470083343,59826.3525111489,44397.051154843575,48048.35460438994,2938785148.520188,577698669153.9204
2021-02-22,BTC,58184.96824692567,49316.739357107,57111.09865389978,54575.665782803706,1663098160.6531029,1065764647006.4556
2021-02-23,BTC,56844.820512829465,49632.829003738516,52762.28030898362,56526.193900452236,4782792588.001129,1163381618175.1294
2021-02-24,BTC,47936.99936433256,60682.876093042076,58935.95742653347,36842.393158467974,4399901485.922647,550621532680.557
2021-02-25,BTC,57656.2270506935,44121.900317433894,38872.06627900302,36361.3451972468,3676089349.3164334,1168580645104.191
2021-02-26,BTC,32654.775061557586,34690.532995772424,51782.836956864936,48329.42966552975,2849182244.002429,865803619535.7217
2021-02-27,BTC,35879.485872574354,31007.393670966863,40459.85832188651,42330.85409420114,2647062166.338034,709695974567.7117
2021-02-28,BTC,31356.818667316144,56429.803948576664,42876.144229421174,55195.83908600161,3603893868.6038165,553803452693.3145
2021-03-01,BTC,39759.90992289793,51710.834297371264,47452.66935976947,57000.693701940334,3181727477.6276217,850436987649.2925
2021-03-02,BTC,41660.318690684464,54642.791883472826,55083.990539776496,40602.64137908154,1249092423.5275426,1056160881143.524
2021-03-03,BTC,38140.47095321688,37453.74565281188,58506.58754517815,37106.11676923446,3050010595.0813265,994960534086.6887
2021-03-04,BTC,54862.12527455788,34773.00164553694,51816.47582980007,53415.76545731585,4225614468.931358,535158208024.7816
2021-03-05,BTC,40702.59980080768,30509.063298375866,40950.77024718735,38244.181066444085,2836959510.387832,551031284757.5325
2021-03-06,BTC,38428.035290621425,42270.56455823089,41062.067070589175,54678.42955541035,1207826310.2170737,782011297842.846
2021-03-07,BTC,46280.88249474745,50647.119039912155,50865.051349255635,42712.14760946289,4145112797.5361323,706703345833.5603
2021-03-08,BTC,34227.72674924288,43728.54157849063,35402.091518817375,50026.496978744115,1805455128.5438976,662669026139.2335
2021-03-09,BTC,54065.90942262119,45311.622270830514,31424.697507073233,32866.05941504004,2034483339.552155,696703149236.0995
2021-03-10,BTC,32236.519310393123,61645.5543072812,38993.28688686407,48715.77974029719,1658825413.7291837,1062437920307.8192
2021-03-11,BTC,59606.608098015524,42188.94134581551,36904.40874127654,43553.03036211687,2320860259.4859905,1150459637542.2979
2021-03-12,BTC,53167.34307889972,47989.63212059338,37185.55173413569,47598.25389526422,4027006022.75454,783571886169.2965
2021-03-13,BTC,35961.470446025174,57427.855445940004,35241.84028254721,35040.426232345904,3077543438.0157495,1134277701492.748
2021-03-14,BTC,30165.66351370807,43878.99738124445,29304.88887872722,52106.21234832546,1819525096.6028502,725046990873.5173
2021-03-15,BTC,54463.84285364502,51773.03450797557,28554.09197673583,55883.91232629686,4511320312.608164,833505890440.654
2021-03-16,BTC,51205.72031542851,60182.72980613608,58619.39408181698,36502.19400272327,4518327419.806116,658220298471.1998
2021-03-17,BTC,51870.21504122962,63233.22182801747,41260.96714581173,32871.43666560485,4482313700.184028,948333229523.0908
2021-03-18,BTC,53138.11040057837,35147.571832516325,39914.12606195013,30709.157581390093,1955184845.5261571,1185286780622.3662
2021-03-19,BTC,32221.33955202271,62430.5668806523,49069.06576348517,49259.14501329798,2804957376.7239523,922445167230.365
2021-03-20,BTC,40753.97185632818,47224.07025778384,34765.87052381699,48212.821082663424,4939958624.5635,750469858879.4843
2021-03-21,BTC,33476.07178575389,39038.55359046354,57448.79670245698,46400.922381422104,4088049905.2399616,953472212193.3699
2021-03-22,BTC,55893.102776267806,46069.75146833915,52376.69544688211,36958.412883479265,1108669684.9022393,586044474925.7712
2021-03-23,BTC,48698.94380482673,64301.1401349917,30771.741071680044,41727.17987716544,1260818365.041968,1122061356185.779
2021-03-24,BTC,39926.94074557947,47241.63328975043,40945.00404933278,47834.290055585196,2855725507.249331,852158765545.8855
2021-03-25,BTC,31906.75050858071,41506.30636006279,55252.667534427106,44903.00576577508,4636880823.44624,814544819427.7495
2021-03-26,BTC,39329.469651469866,52169.02990108541,57286.69269103372,59633.56560644662,3154807191.810857,910105351917.4634
2021-03-27,BTC,39755.49966080241,38405.09665723676,42489.44684874596,34093.19257670199,2991250032.137161,937348703952.5818
2021-03-28,BTC,51888.185350141925,32655.216483803237,47015.75306553194,50854.336621427814,1421894799.8265224,550243064358.5591
2021-03-29,BTC,49126.7241406564,34510.790266872726,33178.05232885433,42129.563043128765,3627120418.8971763,977832054856.3816
2021-03-30,BTC,56616.3822772898,34481.604363522034,58726.22741024627,42845.98844776844,4288412642.400902,669352176220.8707
2021-03-31,BTC,44166.44775485848,35316.594272930306,35181.82274288675,51527.93296974529,2521680030.0302496,999766842754.6128
2021-04-01,BTC,33587.82737814905,34858.95104272936,57224.684998188895,50773.08453973109,4102447403.7013097,1075774356068.9377
2021-04-02,BTC,51397.34361668985,52430.61606811251,48139.04611876342,59737.67981106565,4857906615.603247,1062770955286.7642
2021-04-03,BTC,52823.551458506925,36365.802953970066,46839.840641244635,33851.82868362376,1815065836.5107565,886750677185.5225
2021-04-04,BTC,46838.315927084885,42098.354916335215,43893.34384151176,33123.28948152499,3093318524.778965,864118924617.5259
2021-04-05,BTC,53129.01539863683,61387.594346710415,35150.76416325052,51730.16451386223,2148551832.338302,600013172937.5881
2021-04-06,BTC,44813.867890931724,46588.65740920053,33472.368992170756,47351.607510192276,4171417676.1353574,1042742305282.1948
2021-04-07,BTC,45681.98488145982,53364.52084823595,34835.07248117543,38224.81999679418,3310373463.52463,689986566312.7001
2021-04-08,BTC,42826.23055075649,36031.19549205704,33779.58612647189,32382.5810696696,3538329670.201215,847686795972.5625
2021-04-09,BTC,30762.573802322855,36730.115658303475,52167.11868056936,32569.747487892917,4191656638.4635763,698991865049.2617
2021-04-10,BTC,33236.742809799136,31430.40156932676,38853.88303416863,56825.72623992355,2583881890.6498194,593679854099.7852
2021-04-11,BTC,30942.875570602027,35912.72720752576,29793.122973465288,35756.01974156229,4660360273.628173,940690387824.2156
2021-04-12,BTC,49092.31233791341,39750.66186611855,58042.181534365154,39701.14686346562,3132115468.98456,538032424376.0327
2021-04-13,BTC,39430.6794322898,36195.36694968614,55397.3624338662,36799.69206680964,1631819291.341392,1024051663888.34
2021-04-14,BTC,45257.12073494108,33104.58868149695,56760.3207790516,40649.88917495812,3783596472.67521,722310756682.7817
2021-04-15,BTC,57226.99421778279,34222.25548852103,58842.142502039496,32082.7152823828,4173045401.7530174,500094285103.1397
2021-04-16,BTC,37478.76687446625,46127.256881145404,33390.75272580411,45571.79372724811,2267046708.270107,857790397466.0608
2021-04-17,BTC,42311.48769106889,37221.680144202735,40283.50258598242,32028.376907766447,4428717027.995012,532796335969.3222
2021-04-18,BTC,52666.53415629146,42749.44513668264,51505.39274682683,54010.69523467084,4624573019.063066,693318690474.6296
2021-04-19,BTC,36863.944964748676,47619.60447991999,49576.63915966756,37011.36245731299,2107617949.5112357,994883541219.0013
2021-04-20,BTC,32309.39729486379,54163.81900202778,32770.77309653551,46200.35743813532,4934085890.860888,543882735135.3061
2021-04-21,BTC,38692.54358741304,31375.924894438464,53290.82687470915,56402.372626843746,1562846112.1950336,1087536944649.2017
2021-04-22,BTC,34836.638617620134,57979.36396181649,34957.65772693648,49526.32107141583,1808062673.6099598,502673945861.0082
2021-04-23,BTC,57890.92957027719,51976.51363218177,34938.34605950132,45988.733596540056,1736899356.9521046,672776708441.3315
2021-04-24,BTC,54243.611386932505,32861.56611821052,44646.207109695824,39730.012593461266,4575958840.031482,1018632839306.45
2021-04-25,BTC,49002.1126953127,60575.251843737205,46381.1379800928,39990.05739174594,3617170209.2998476,721389104810.5148
2021-04-26,BTC,56143.81770563153,62230.534018613456,45982.67244297215,50084.6086559457,1608417132.8890915,571324671646.2095
2021-04-27,BTC,54110.162306973434,32137.72859492023,30836.091959330402,59824.18083663503,2761293673.473396,752163743160.2996
2021-04-28,BTC,35597.10176658107,39690.71768515213,55201.28674154179,49855.17569548136,3461192100.279208,689275300469.1678
2021-04-29,BTC,56776.76995469933,58217.04479275715,36233.60132024989,46733.502521100745,1333856339.9575331,1089898331512.3884
2021-04-30,BTC,46180.267257469524,56189.08916342804,32014.96255976693,51919.51530717738,4529665473.6293545,719343542309.6002
2021-05-01,BTC,54223.20465492188,36458.2356774732,55551.19047593829,43956.16836851154,4214414141.766141,1052252730243.2051
2021-05-02,BTC,56882.7389977048,37327.22631678486,57625.196445122354,31804.270278023556,3020827094.306553,1124310501367.5142
2021-05-03,BTC,39540.10424915592,42966.52359769837,54725.95613522897,46868.904476337295,4868506461.036682,803672193703.5707
2021-05-04,BTC,33301.557735830305,46958.304481685744,53094.99831647122,58728.75853516141,2671043917.100399,1136960200698.0745
2021-05-05,BTC,36838.05487625825,51638.91700356036,48312.50139980967,35259.088270729786,4936441276.145991,764122637774.235
2021-05-06,BTC,42813.23365878769,42911.97738494203,45076.578488883315,50700.146724619975,3671679995.214508,1174854891543.0757
2021-05-07,BTC,54540.44297767479,46188.71506466018,30696.589557253716,36028.010659771695,3538685093.0157657,562502667167.901
2021-05-08,BTC,55821.9174976903,56161.482834681476,40662.049605191656,46074.83053419244,1663819581.18314,980913486552.2699
2021-05-09,BTC,30208.56391593572,31283.912101170925,39553.34402738173,32900.293489401585,4527711033.218576,845669828319.8501
2021-05-10,BTC,45322.41907732697,38835.293052040724,36052.36729657011,43511.12808774556,2709958751.682461,771354163818.9529
2021-05-11,BTC,42522.33009446337,54967.23550595934,50426.023524346136,52684.89986685738,1648933623.1299174,942898315124.0206
2021-05-12,BTC,36663.23431412191,61332.23931905198,43372.14778744189,40427.14572716946,1050430079.9030361,992699964144.0319
2021-05-13,BTC,33595.96102001049,47908.71047404832,30512.432693137085,49947.35173461654,3239022734.55353,503054288755.2164
2021-05-14,BTC,40128.45514210884,48623.97198428605,34825.67926044415,53863.49882369187,3109598488.4907055,616867162123.0391
2021-05-15,BTC,58287.29111737557,33751.02039689216,49181.021673447474,57815.334584383585,3877414489.476634,999132235444.0231
2021-05-16,BTC,39696.08796062266,45659.43283882091,30360.056644199307,37039.26245566361,4561032212.071209,966469789504.7445
2021-05-17,BTC,45563.71865230098,48641.604325925815,54387.41433551183,41979.47747427924,1317626338.572118,1176233253590.0742
2021-05-18,BTC,51090.56876685534,38486.467627215534,43349.5423374332,34572.48039991252,3925985961.3614492,1032726453175.5481
2021-05-19,BTC,40908.888071378824,39423.51308322833,42898.18389712609,59774.505064751254,1749647776.390329,1165540895411.9365
2021-05-20,BTC,59153.46248162882,43204.94570866179,46364.641324445045,57810.02903772886,4432708212.628656,991778351074.3649
2021-05-21,BTC,58873.41884826333,30702.491922220423,53565.10994367962,46198.71390841679,4276254055.4466243,708636546047.6102
2021-05-22,BTC,37553.468874760925,41272.77079541124,38782.08544496798,55260.99883129264,3163175019.942178,573755445575.5995
2021-05-23,BTC,44917.45517677156,37400.68024487906,49018.500729330975,45628.739318161264,3840971194.493246,1047276704341.4548
2021-05-24,BTC,39026.34929450309,41462.40732622701,45537.69088386952,48707.57064008279,2257400452.7349935,950904455033.1411
2021-05-25,BTC,38545.21483132403,34191.67461367379,36277.87637525206,32673.7329634805,2884671595.7312584,533730208675.3074
2021-05-26,BTC,31106.608420635985,61168.45482589632,55237.5295770099,52658.11261490424,4286547590.8418865,752035326130.6848
2021-05-27,BTC,48286.93001939691,50775.7358743917,52720.20666981477,33831.40450905704,2837060788.692856,1169759870839.0005
2021-05-28,BTC,45080.370696865844,53768.581170057136,48412.00687441119,54782.02890757585,2431193061.3017673,850280801997.1409
2021-05-29,BTC,31544.36253749968,57620.99335125684,54368.0336019215,53460.842630111576,2976849789.0011997,802910395213.7932
2021-05-30,BTC,38359.39392709834,47445.476962517,54886.12022975387,51262.3409322893,4312997009.748873,820389723611.5059
2021-05-31,BTC,57247.976578999616,33042.21008305983,49959.25227816608,31084.811415742864,2340832189.483491,646217906803.6146
2021-06-01,BTC,37186.85672000917,48798.72896364918,53947.41317927383,39093.85067835986,1695046372.5429752,758095019605.3567
2021-06-02,BTC,34346.84616273669,50539.43913073077,49621.615311747795,37893.37709732528,3848056081.323123,758869279191.0237
2021-06-03,BTC,44683.582808326886,56090.38159645155,49084.36392456931,40804.09222414557,4303912850.832327,536648514131.2307
2021-06-04,BTC,59569.513623318024,45108.08411803878,47176.952724670715,32629.282402915156,1402549914.0941334,1037297339962.5427
2021-06-05,BTC,37261.65814534501,34465.310597844735,51334.215826286876,58108.73469093189,1959496451.023779,791553102332.7153
2021-06-06,BTC,50164.06642217636,39932.156702955355,32916.758264085285,46614.06722137129,1567887959.0439756,1075525920771.4963
2021-06-07,BTC,52848.58845986152,42707.88037395223,55306.99353516678,39165.729319740705,2391765646.3286667,1095243600783.9268
2021-06-08,BTC,37129.12631977199,52607.10344660604,55027.149360102194,41909.4455122285,2801403915.6216507,648395838289.0607
2021-06-09,BTC,51846.49045835579,49977.24066341191,28906.665774071334,43416.07621514507,3995305347.8532257,960147437519.0901
2021-06-10,BTC,41033.493981577594,42463.38540642462,53600.31926750764,48017.83000081852,3604590339.5266967,830597262914.0872
2021-06-11,BTC,48969.17491780738,64528.033707754286,31994.965891676802,45470.38283089493,3483714269.913725,1116109716545.0396
2021-06-12,BTC,49005.891322826836,51202.118677491046,38388.6844820334,57581.759196432526,2409499786.4386177,651018475423.5178
2021-06-13,BTC,46073.240522242755,38302.937710759805,51048.75594503984,44908.90448717491,4365790212.33904,974469240217.031
2021-06-14,BTC,32708.69310163225,33562.38654171413,32983.55677749756,59764.740444699375,2885148669.592658,925426485576.9058
2021-06-15,BTC,55059.07486767714,35350.06987145162,53356.97774769093,55542.74873235288,4916419752.060617,706711034300.283
2021-06-16,BTC,39623.401949152074,38608.520493457785,53796.15951669,36255.315430720075,3536568553.182947,595620632555.8208
2021-06-17,BTC,35595.555311995624,35623.84806408445,43731.49974658592,57917.85643931749,1505058966.2580109,956147832334.0935
2021-06-18,BTC,31223.25424664292,36529.8458417957,28197.96202322184,33490.991936564285,3704710248.301736,1017018220692.6315
2021-06-19,BTC,47726.78829564725,39978.33090428465,36898.1821284223,54523.49125473575,2300416061.726796,720939140634.345
2021-06-20,BTC,50326.93085526847,36068.07583531642,47124.73446964801,41418.698804297404,3745308786.7443895,951382822815.6196
2021-06-21,BTC,30497.634867835684,61386.78986192488,58416.77151885013,56339.22961335209,1278564592.649623,776591635328.0522
2021-06-22,BTC,45362.79174897843,32808.181098157474,47586.21933751672,56041.70070322351,1699525748.7038374,999244818297.8324
2021-06-23,BTC,36794.87325593814,48357.89863495891,36053.91101298895,54177.76200352864,4422949035.623145,639450692425.8372
2021-06-24,BTC,49355.1837122835,44363.88894463815,47654.17679608795,53700.91308921184,1908718228.0940595,1123150501845.322
2021-06-25,BTC,35230.99287014974,64383.25159180122,44739.54677119152,39140.37417294122,4348164500.97176,701186717525.9058
2021-06-26,BTC,50728.13214307398,33921.361575881834,52175.20724968545,32427.578491537566,2117104353.8176417,757450191429.307
2021-06-27,BTC,41602.06038901612,43924.94596660096,31316.39980363571,42089.40536295484,3571527640.2348304,540664366456.2449
2021-06-28,BTC,58101.899662102034,63931.46516463791,51591.86497756287,35205.73544959526,3776602294.039324,578058548624.8934
2021-06-29,BTC,34125.628324379795,60292.74940628931,44779.26393895942,50848.53266707385,3050619012.5802116,861103331898.6296
2021-06-30,BTC,40231.990531507756,58597.5224832248,57852.75211962883,40382.99179613357,2221242706.7869253,687314873709.5801
2021-07-01,BTC,33404.205637217674,39026.59894657289,38598.03714719927,59268.30602579744,1850577505.4843845,1084836158019.536
2021-07-02,BTC,57740.80854835689,35981.065558652306,47611.27868715239,49229.16232035996,1132757418.2497048,510285372058.4677
2021-07-03,BTC,56320.18060142943,53402.51269735508,56892.871270810545,54674.41690903083,2215785604.9628954,765365834070.3553
2021-07-04,BTC,37738.248831454664,62528.1596194655,31177.801567711056,33975.74018225545,3612651162.125132,736141882738.3649
2021-07-05,BTC,49799.52138102537,49486.70125548754,57054.083104329984,55860.434468178675,4753219273.79393,513529341642.32074
2021-07-06,BTC,54516.666006036474,50006.44413144649,49324.45739132521,57682.715715401835,4484817929.052208,587057879300.3572
2021-07-07,BTC,46656.02434798387,39799.26827810994,30102.94883226033,44611.857564568076,4064259106.1412106,789549872443.0447
2021-07-08,BTC,45889.517350680195,56932.252661717794,37329.870575351306,48187.58813252932,4153789373.0131946,845005209113.2126
2021-07-09,BTC,37255.56872701355,36546.531199513316,49953.334748003734,52944.29402708986,3659939613.903981,783002823078.4084
2021-07-10,BTC,32793.083034176976,41328.77327414853,30087.868645531922,35245.15881781238,2041147430.2640119,871656374888.4657
2021-07-11,BTC,56916.4727385998,44890.275351574586,46047.28426546447,45076.982293903275,4628780122.823319,916592172433.977
2021-07-12,BTC,57012.54171489991,47766.363253955926,38722.37476554166,41959.8908331694,3682929247.6233363,506946674789.4849
2021-07-13,BTC,48993.04371819804,38484.340634527805,47248.381050791795,34391.21976486748,3241762523.9217596,824866611617.4526
2021-07-14,BTC,40170.89373146102,34019.28886587212,29418.0030481879,41026.032668745946,1443957876.8539243,1174449468621.3118
2021-07-15,BTC,40476.287238379824,51371.701485457146,55017.64099072367,32045.169281564806,2788222175.225702,863322596090.6841
2021-07-16,BTC,51778.67036610718,40102.069363408955,58178.1580444993,30774.35720848461,2841433084.807705,974279587221.2672
2021-07-17,BTC,56913.30779857731,50343.33774979143,58035.21351385643,34054.98867464469,4458254438.09068,718304700541.8182
2021-07-18,BTC,56612.592727953524,35402.69503459708,51239.20678403067,58893.45334767521,3186592880.751154,1041793964706.9338
2021-07-19,BTC,53396.266375728716,46839.90356491861,32032.673444049593,46485.88607685051,2521602195.8816385,1041045037313.2805
2021-07-20,BTC,49260.949384628635,48640.630139305504,51506.1590737997,58974.664834596595,4907201314.042637,864907233357.8972
2021-07-21,BTC,32524.198949851467,31813.823788784943,28762.194410222848,42974.93634990396,1442882373.3052626,1183209676295.4495
2021-07-22,BTC,34848.86142283841,41781.14973678722,28685.830097398913,39354.48399255778,2690193713.2477784,587885150333.8574
2021-07-23,BTC,56956.62565581238,34704.5136928641,38031.91679363578,45184.25588520733,1168098700.6856213,511863365422.70667
2021-07-24,BTC,48192.8717897877,32218.12396654687,43147.938902544636,43185.3506589873,3959616483.0677214,1039110748229.9672
2021-07-25,BTC,30275.91154849889,64648.608133648086,51882.62995204159,33169.94052785232,4672306208.796602,1065008876155.4177
2021-07-26,BTC,33044.14628598096,41282.384574115305,49182.15667480166,49224.78944070618,2120149318.2019577,584145060384.4033
2021-07-27,BTC,49905.053073241674,58345.60560491222,41822.983897679194,36481.14547528799,4433366707.196484,685907983071.0243
2021-07-28,BTC,30151.847515386562,38912.42291673174,36482.426654731644,48587.63864693489,2168872921.8475914,512286654356.64026
2021-07-29,BTC,34824.24154252496,53852.59527783752,58910.85950488904,49506.03277194461,4643080646.575661,705316027546.3953
2021-07-30,BTC,46462.01368099758,56607.97509613903,41211.62036931516,34560.74559385944,4015847614.387136,1041199311743.0701
2021-07-31,BTC,50756.8559307808,50847.355921274546,41992.99775421994,31840.488813320044,4219627107.3657546,862572369398.8052
2021-08-01,BTC,49558.837785078016,46505.16659925554,33072.33845694175,53422.84758205319,1072026222.401818,743666915217.8016
2021-08-02,BTC,36728.07928381679,44414.4319951544,52639.096011247806,43794.0127130796,4851241428.296104,760217506434.4312
2021-08-03,BTC,51365.376640426075,42210.389329004836,49504.14899922615,31744.913865164275,3906683968.281293,500947538000.8277
2021-08-04,BTC,37117.472624904,62533.520048673905,34843.857996451574,59845.98951509301,2219004381.5445333,709860369295.6652
2021-08-05,BTC,39761.99094477803,59071.679272570516,30553.812414091124,31733.416829891,4317578659.435388,952521119146.5513
2021-08-06,BTC,52394.74215354072,63775.94187332794,49095.478364316106,50851.0568657566,2126084793.6597197,1181936110671.45
2021-08-07,BTC,49488.98697141644,34350.40282199407,48289.84764271519,59510.36775790241,4491015358.264511,1092942578888.7296
2021-08-08,BTC,55476.702314825336,55580.36163212755,36471.04533694449,37175.403126477766,1450321561.647748,516516475251.87036
2021-08-09,BTC,49728.3867690103,62841.91598873633,57476.77042976272,34267.481060615886,3814743909.843183,1128992423272.3877
2021-08-10,BTC,47049.25810006415,36343.157315798104,32682.794645207905,33641.548182672865,3162793906.5796413,1048238889309.0381
2021-08-11,BTC,32810.24303484277,32327.36935783721,41402.37883232066,39098.25442702787,1386137880.7817633,1046263286499.6863
2021-08-12,BTC,41031.474091783006,55939.22272515207,57252.09352519557,33031.3743303194,1967575313.035356,820597031302.5
2021-08-13,BTC,37956.07103045176,50106.55896129692,41011.54682470979,50764.84025082395,1049616145.1092591,778603705068.152
2021-08-14,BTC,37319.689301372506,59464.00718653952,47794.30437758665,31868.75394390188,2875071861.8580236,712041010183.2349
2021-08-15,BTC,59190.316642573365,34892.03318192013,40325.42633684662,45282.66384449369,2205061043.0400014,545986401268.056
2021-08-16,BTC,41792.93174000281,57834.35591509615,36500.67127280877,59900.905615589305,3393429937.1910353,659764754445.5894
2021-08-17,BTC,56761.396655313394,37056.956201671055,58503.30708675468,54419.10808518056,2188951230.834469,672622544484.6172
2021-08-18,BTC,48934.15877991788,35727.95800029966,40689.35419576633,48456.58314693032,2199676446.027939,838853948797.1411
2021-08-19,BTC,53844.33910624945,35749.30292758475,55717.07531405317,39187.60862359835,3972772794.9264135,1023211084617.6858
2021-08-20,BTC,45079.112793155764,58510.115208098374,35128.59278262367,48716.875088749155,1192571343.9134138,831666879878.5626
2021-08-21,BTC,47307.116538790775,53281.902724367006,34606.24582477758,45811.24391734955,4611579980.767949,540491114613.01245
2021-08-22,BTC,44775.530814565915,48307.28986691918,28965.15656941985,42782.50151671114,4409055497.564726,1170452860691.7427
2021-08-23,BTC,35857.289633941335,42559.066944322585,48201.67158665243,33921.311302205984,3671218732.9056263,1159907023365.8784
2021-08-24,BTC,51673.56345784516,60702.01892845879,39424.316655436596,56598.126457214006,3372886280.4295373,1049632680203.8859
2021-08-25,BTC,38423.170873225674,43735.57875979224,54795.10574502875,43493.539464639674,4569209992.558609,1193929531094.9543
2021-08-26,BTC,30729.478992943616,58580.9803815052,42669.50710743827,35838.67535462295,1741320718.1148577,881137632960.1841
2021-08-27,BTC,49364.16887721504,45369.721799957646,58013.99626535637,41032.78052631869,1315876648.7633145,1173937845177.2441
2021-08-28,BTC,35313.32038221147,43193.055029871764,33751.290986796754,42423.89257586781,1958040679.6381526,552923528431.7256
2021-08-29,BTC,58213.757530587434,46193.792498436225,54927.31820662394,54826.13686700623,4178313114.800761,755976523782.96
2021-08-30,BTC,58617.85731007763,40548.225595744974,52074.50243654399,52008.43141684206,1138681066.9059334,657766887604.7361
2021-08-31,BTC,57445.93170661345,56166.32830616879,51898.57718396561,53079.14680924019,3331227340.3339586,637083158893.989
2021-09-01,BTC,41104.76100766333,47595.21365323677,54188.28007162352,30330.937932859415,4981750064.76524,598562064224.8733
2021-09-02,BTC,30463.69849586602,38127.444330138605,51591.74371923297,42484.61994539284,4422784375.350158,935689549096.1976
2021-09-03,BTC,57849.55687763177,61485.11006460989,47412.829970573875,44440.32454905971,3085782756.174358,1046925299023.1135
2021-09-04,BTC,42845.52444951943,43436.1927480624,32068.591208154015,30575.7683046917,1254563637.1465693,904808879594.2524
2021-09-05,BTC,58999.644571310084,49024.3501389896,29008.31156422881,37794.39626235103,4325494057.542839,602873896711.7468
2021-09-06,BTC,58908.59931267759,61726.523883759146,56546.28328228629,52808.694693664045,3395914032.7088423,1067786638953.4297
2021-09-07,BTC,55590.2836640208,51848.32985698972,47116.15975014288,34113.29117186997,1459731988.2382674,945168295014.6099
2021-09-08,BTC,38833.46676208757,34091.43142479274,52692.656020261464,46059.30394357775,1375429139.2934248,771715994288.8969
2021-09-09,BTC,41552.93185805776,62894.12432647163,42927.19289688905,36456.056160517124,4638507277.74637,971891206875.2441
2021-09-10,BTC,55534.10014550571,51969.78185749962,31636.553857834228,30363.6232393168,3676801051.7523136,681933485469.983
2021-09-11,BTC,39507.66015468833,41721.696512998016,31880.759558279064,37236.043727986245,4317147197.267022,741634545945.9474
2021-09-12,BTC,35084.78240058277,34874.522543218554,49252.52390409811,59276.21264730161,4515915601.129069,1142240090192.393
2021-09-13,BTC,46704.03787375051,57790.88162446036,41339.482741883345,54046.11335648969,3287089408.193289,703353153969.9943
2021-09-14,BTC,58084.643224823434,51702.54645749797,34216.26652771044,58787.299329631,3069785407.0201654,828991787710.5557
2021-09-15,BTC,50880.89390024919,48671.138219171255,43239.43094898455,44635.62131779087,2721709641.283961,1123098796177.2102
2021-09-16,BTC,47101.835102680954,61286.240406783516,29990.477049329158,33292.08596032511,2267786351.1644773,995404945187.2693
2021-09-17,BTC,32915.29481312306,57600.90239285858,46041.113459346365,46438.784669210785,2738383843.434847,543542258315.29193
2021-09-18,BTC,48450.21680097509,35308.620790646295,36338.795537488026,43631.320036798825,4095518622.9206257,603112130995.2793
2021-09-19,BTC,59701.6155031279,40910.27237284419,52724.33211975283,55330.71248218848,3407693724.0605264,505489113540.3418
2021-09-20,BTC,34202.52045709572,38697.1198935063,37621.22072663079,32942.477423527336,4570093159.819385,941645253160.4143
2021-09-21,BTC,45549.8895709121,56038.12024004369,42111.82462153584,44647.23411065334,2773520057.516751,813371397787.2928
2021-09-22,BTC,56321.19215783867,31173.635215752278,28360.23673715112,34501.45994081953,3428358314.875016,593992395631.5929
2021-09-23,BTC,52223.058532626135,49946.138970496075,30245.853521631325,39740.2778067018,3525230212.3679547,1170553884739.7393
2021-09-24,BTC,50910.47222985804,56686.05400092417,40167.30024860723,52120.71232163399,3366788649.225302,870761806761.9338
2021-09-25,BTC,51074.52251961328,60686.79728666123,42878.10387623083,44280.543881063,3810535092.3420653,669325305879.0225
2021-09-26,BTC,40784.73453659266,41972.86120505676,46600.63699169841,41276.64855437308,1949733873.4992251,850422499808.2953
2021-09-27,BTC,38807.7553279348,58744.00566352045,37041.539939988405,41834.28835710106,3049455110.1831627,975734232914.5754
2021-09-28,BTC,54280.83466435541,33872.11079343225,49544.43846992282,43783.4030521796,1416899211.2333908,553367452581.4951
2021-09-29,BTC,54303.40184037542,59625.83021070814,54663.79431286534,53550.49631511171,2538045310.5792503,692292670533.5244
2021-09-30,BTC,56012.16955740311,34462.103181619386,52175.38065569384,56762.54066820703,2950668274.485058,1064875843618.7955
2021-10-01,BTC,57397.21657669414,43905.05516961285,29228.18358579907,58660.04059511785,3608897038.18189,821765409281.8628
2021-10-02,BTC,45340.271965828135,57905.337802284375,42895.7153649927,53607.10158765885,4802124210.344814,882603999422.6064
2021-10-03,BTC,45045.48884061599,35247.10995720708,31252.83553096342,39462.20687244038,3402604266.1934233,802971201546.6284
2021-10-04,BTC,53948.85536900326,38023.79883314245,35503.39549173835,50644.041182596266,3974375664.706239,530729959850.1036
2021-10-05,BTC,49498.917923332956,55278.83989375732,58586.54039128154,43128.09372166176,3025064237.980811,616024845874.1091
2021-10-06,BTC,51059.0063177311,55201.2787791126,32417.36182994691,37640.11866138154,3536416125.5053253,811879147119.3236
2021-10-07,BTC,53873.78008308303,52440.167150985406,43465.532756992034,55226.14738277768,1283728864.5350938,646429825785.5494
2021-10-08,BTC,56700.160254526985,54288.1955563485,47162.82776386169,31152.79046886975,2017566323.3673878,534985320061.77515
2021-10-09,BTC,40139.85470554607,48995.355517165866,49776.414086867226,57052.859764062705,2447412372.8205547,1090554764836.2766
2021-10-10,BTC,41267.48857919832,38812.967061743344,45349.10918809434,43844.323938742025,2889973420.0260544,1186834770414.881
2021-10-11,BTC,32819.45819522607,42099.35977263718,28302.896269994693,49116.04430424841,1182594982.0095348,1055200011797.7177
2021-10-12,BTC,47348.404229885215,36355.9200880499,38120.30055556375,49780.61766617348,1560096390.2132707,1097649445193.267
2021-10-13,BTC,31078.26821390226,61795.76964667699,44049.06094492605,56853.53222119609,2107257231.1652231,669383991221.9318
2021-10-14,BTC,43967.940543973804,50418.712816814215,30723.861473489833,49100.09046501622,4886130763.604202,1172438882859.2397
2021-10-15,BTC,46279.3390412273,44029.7995867274,38869.434867484604,48418.00754280185,2325388028.412203,637847993117.3999
2021-10-16,BTC,38596.23756384853,46170.20312754464,29029.296372532364,31999.5612168207,2928164232.44833,1166000867253.2827
2021-10-17,BTC,47724.997817070325,63154.916886413535,30435.933411805643,45552.240658356124,1784390850.9535718,1196373505776.1658
2021-10-18,BTC,30915.007498171482,35367.299109062806,40304.62156224948,34505.07002451125,3443120284.303073,998205964022.2341
2021-10-19,BTC,31120.44566247643,50518.0441205879,32114.18837533487,52123.01306164457,2122732862.0638971,1186800612254.2754
2021-10-20,BTC,54678.016819789744,47706.103760956306,45593.766296108304,45366.657624380234,1827970313.753707,898677845696.9727
2021-10-21,BTC,40805.71924233789,51400.89824021267,49373.41404325524,50406.8333762506,3066290513.7839165,681679248223.2632
2021-10-22,BTC,33811.815379556545,30633.85643372942,52818.187672381566,31250.187018071527,1022023196.6416833,805897119965.9346
2021-10-23,BTC,45667.297801644134,60524.3368130453,34204.657571589116,32543.760481374098,1030656130.5969013,915492654765.1501
2021-10-24,BTC,53099.806592958324,62624.13988692644,33191.960050031164,51489.70164188047,1876275236.4074311,551157093418.9105
2021-10-25,BTC,36474.630824905296,49779.66142562231,31241.603050366408,32162.5300799602,1146885450.0032845,935640285232.0723
2021-10-26,BTC,48686.71427457001,54382.77883569123,47729.337735852736,32137.70183295776,1432103016.5227656,1186824485733.6062
2021-10-27,BTC,32560.42394981304,62287.47834120535,49900.74752109394,30363.254257046625,2355442597.355006,633075354848.6094
2021-10-28,BTC,31550.45163505823,54753.35220096895,28979.170489594904,58695.041948984406,4210342718.3192515,1054816581401.8683
2021-10-29,BTC,45940.63894704444,35338.866501999146,57022.579633554386,52125.25078377021,3288194573.4772034,1135529155645.7334
2021-10-30,BTC,46219.0536483032,50170.092605838465,29611.109793195646,40597.542255061926,3050670903.8256655,1160591114974.1545
2021-10-31,BTC,49122.89704494619,51235.02662339996,44780.186394333185,38896.06743862966,2173955292.8324866,1172094923083.813
2021-11-01,BTC,51782.740011679845,44844.57349558351,49980.87610297841,40491.096892375484,4727014877.731266,865021747105.0303
2021-11-02,BTC,59275.56238387604,55775.5482468653,55000.042836128654,53239.60593543545,2588060164.9487667,1184115535594.0527
2021-11-03,BTC,45489.01044903586,62702.84551691552,50136.69489610526,49841.11833211243,1348371067.183086,1030117144994.1072
2021-11-04,BTC,39688.69418823738,62394.89795173717,52853.57057516355,35555.867036024036,3468266064.471205,613170005365.8733
2021-11-05,BTC,53855.58584306111,45779.37799914462,38522.95596882699,35223.28006002253,1455353573.9064057,833830074527.579
2021-11-06,BTC,38124.96753786223,33963.331604426436,53259.57852614188,32951.86949140192,2380892571.206768,1002831822760.4028
2021-11-07,BTC,43169.142621169085,64469.44196368171,30483.56023792493,49809.08159104014,3029647754.871236,673138221073.3584
2021-11-08,BTC,32353.69144026798,59361.433025607694,55739.31633787636,52931.17986665208,4496890098.740704,948430628484.2212
2021-11-09,BTC,30760.522302463723,34363.19384211434,44975.363660765826,37951.39284975012,2974186321.3604746,966620335332.6335
2021-11-10,BTC,58879.45244033775,62229.46589160803,53336.2308688373,30628.348830927385,3809035064.126657,613889820665.9961
2021-11-11,BTC,55079.40361536617,60446.37267217449,42021.866820067306,32465.15002429282,4971267355.996282,895559718716.9294
2021-11-12,BTC,50879.22618281094,48159.33199941252,47950.908551092274,59035.80104535091,1525956479.5919266,1040138837685.0254
2021-11-13,BTC,42268.588332428095,50694.640251072524,44318.48248901951,38863.34332432261,2098926102.078078,849226965175.1594
2021-11-14,BTC,35198.82960212538,43965.09463545456,50679.27517441529,53076.694435144,2578304302.390586,508472181743.2752
2021-11-15,BTC,34693.11128013258,31916.657358771095,30530.52944294828,48739.907065627915,2687312714.1553254,506326928355.5045
2021-11-16,BTC,37507.28694493786,41731.90345760653,29870.91460370748,41458.189189586876,2644084301.0621834,749920540779.0085
2021-11-17,BTC,46476.79994118361,58099.870700930405,35660.20025431454,36170.617865866654,4630444010.226219,1148335847902.2476
2021-11-18,BTC,51437.877681001875,30162.1208051611,32945.88508350884,33641.592544782194,3856130577.867426,660073745722.5261
2021-11-19,BTC,49805.92130153194,41672.47100919005,55025.29056435825,48450.389041165996,3431620856.362815,944054582210.181
2021-11-20,BTC,38398.01690837828,43935.90427568302,34795.63360809937,53239.01341913364,2237490871.451128,655453109485.3245
2021-11-21,BTC,58645.95841989582,48808.8461028273,58251.82293039307,49317.12760623392,4295161536.885179,725168992761.6841
2021-11-22,BTC,52136.90750087306,62194.946574446614,38443.76954490431,45909.06399747475,4820242045.939956,1093629462721.0388
2021-11-23,BTC,46630.621575342026,42122.10980280864,33645.65538634968,31258.536702949088,4284793130.2009063,1010203009588.9629
2021-11-24,BTC,48351.62238703057,42143.36206636797,52480.65372141685,59054.66332783151,1006260420.7658917,566779494119.2474
2021-11-25,BTC,42588.0018728337,55812.54368384119,48419.94104052716,53961.42574963724,3545605480.7336283,800091414690.5035
2021-11-26,BTC,37431.929685034724,45827.62793114325,43444.06721004731,38784.66110102894,1204541525.7684028,520418834551.6851
2021-11-27,BTC,40679.180359537844,37861.16880289937,45216.27007906657,59399.10988076552,2030428881.3348875,836623102622.1063
2021-11-28,BTC,52735.383313931074,45835.383064644266,50295.25512644018,48056.44768908966,1238098801.3910868,963703808190.7477
2021-11-29,BTC,30431.804658892677,34929.99571329299,35082.09698127026,47472.67974621739,3415181811.797551,582951836518.706
2021-11-30,BTC,33482.179215207485,36173.544527717815,58886.351397759005,52442.19538288596,3746359653.970427,702219457236.416
2021-12-01,BTC,31380.079260652583,47442.87204588179,58218.58802655028,54353.09364270413,1457950552.2636204,778485637851.5098
2021-12-02,BTC,31221.864069569103,44662.39073265917,48160.096276755045,49694.358219945076,2535355532.1799183,1143671717259.2349
2021-12-03,BTC,55663.817520330216,62019.6065373835,34185.8159788035,33842.872390986,2824946035.8221684,1195278510796.0747
2021-12-04,BTC,51109.73578140071,42683.78646908216,49087.07551537003,40148.02517983495,2476212087.0436664,531437909296.9311
2021-12-05,BTC,44225.214872619756,50320.59225973152,30238.15067835445,57842.50920978149,1484100001.940772,1032705546446.7744
2021-12-06,BTC,32935.024819530045,52129.25007718356,28950.22756837999,36738.468355315556,2675791160.749902,760206846481.6403
2021-12-07,BTC,44748.47625350497,30458.30598059168,35988.16954384762,41165.0107151254,4004712191.2336726,774720730360.636
2021-12-08,BTC,44204.15312341697,53223.80802058487,42341.31165891881,42962.30648832588,1284030658.1330218,1027985481342.9159
2021-12-09,BTC,35196.056097300454,36231.258840441296,54916.4476676598,43182.14969083357,1320720056.3276138,1142898502501.7861
2021-12-10,BTC,43015.54947713919,63637.46111143093,50542.24116275555,48388.187474835766,2419085167.343937,1165650016151.784
2021-12-11,BTC,41955.142031921205,35203.19547135895,51023.90215719941,58292.27513234122,4766902846.4757,903985810226.8245
2021-12-12,BTC,48475.50294156649,44511.844330445834,41190.293367890336,37220.78135497515,3674290586.8916564,749984811510.3519
2021-12-13,BTC,49052.80952602932,32987.238382752534,38723.98476895585,33645.04128902754,3714679826.690259,1051284360101.1455
2021-12-14,BTC,31359.120293161337,64890.59881460816,39502.201652522686,35924.11469579812,2447679963.35146,675700968283.6101
2021-12-15,BTC,41238.378438794134,47576.825361593495,58617.136475817795,56607.747006278085,3374643164.8341537,894851820183.4624
2021-12-16,BTC,48775.7974714271,50838.47560620154,29243.384933786958,49374.32437965618,1040524736.1109735,751004923067.4113
2021-12-17,BTC,45094.08775740263,32347.67670859496,54877.9763797959,38577.2036771748,3544384185.638169,959641751595.5132
2021-12-18,BTC,55694.69523564967,56248.61646397122,45938.9376657442,54478.408169058515,4653147790.304947,668279239025.4548
2021-12-19,BTC,49760.808948568345,37346.6957583455,41597.077994877305,55841.09989090308,3450293873.3792768,634115062014.378
2021-12-20,BTC,34888.03281244289,61431.90013042498,50482.98747286923,55395.43016070834,4494794373.86538,1142767360672.806
2021-12-21,BTC,32117.062422012896,37179.88741687025,43086.73718416579,57567.79600918663,3895892221.864375,571262578064.6758
2021-12-22,BTC,49272.57834618947,36674.07022322833,55076.12038053147,37567.23060520085,1482233665.6147609,854170535414.4521
2021-12-23,BTC,30795.339316248654,31279.238374683322,55921.757784349014,52651.257862388346,4609813229.143367,654596948074.1062
2021-12-24,BTC,47573.2674382039,46522.343078849975,41073.34873307712,43816.1849182242,1265775377.4230995,527250974327.9672
2021-12-25,BTC,58206.907242748726,49769.439664191574,36581.6617142866,55259.95658670185,3135869890.1910553,525213172803.9985
2021-12-26,BTC,47264.22533627637,32299.802379992332,46362.86018639423,51854.7203148484,1568548495.1738305,622655240474.0791
2021-12-27,BTC,41645.097786195656,57143.466584325375,56283.26371411742,53293.42339499174,1046826442.9236163,1106739248154.2002
2021-12-28,BTC,49298.64655327059,45865.109216180965,34530.527859175665,49684.855130432145,2688137040.510556,697735120783.9187
2021-12-29,BTC,43747.5867147455,48353.6594264653,47311.96409046797,35322.86308409121,2180162830.616625,1165321419402.707
2021-12-30,BTC,46368.503679478046,45426.69614283799,47578.366822868134,46350.80756690815,2944001975.190412,907135605092.4355
2021-12-31,BTC,58243.94426329575,44026.70713063641,50726.50369487371,59540.09218573525,3308799546.9382033,805629932838.1362
2022-01-01,BTC,41583.079134023224,49587.41159578763,32078.598238945055,58121.64199491357,1174956289.2357893,906062184268.6182
2022-01-02,BTC,58835.71691471743,35433.40860757494,50190.573905144745,31295.21207391035,1492013180.4949825,861688869658.3875
2022-01-03,BTC,57160.51925868192,36367.48456733449,56180.008140634876,34944.444471883115,3234569585.8017015,1031143377630.1277
2022-01-04,BTC,35873.734043678895,60162.496735473105,33570.1763749775,33951.86320363686,2372669412.690633,697747246180.9966
2022-01-05,BTC,32080.839026254966,63114.04117467714,35363.84307264021,51779.39729955887,3916693950.197792,747135274120.2117
2022-01-06,BTC,33023.3400413228,43065.82606979135,58113.24791529083,54533.55989570836,3609166594.3677588,1125866011773.2754
2022-01-07,BTC,30546.65476954649,39476.063560024384,33610.28553399418,36405.34098932016,4382417451.959627,1162519559205.2837
2022-01-08,BTC,32833.28882267785,52539.98401336555,54485.937894456954,45175.58078855487,3769971306.6769013,1124790759240.5322
2022-01-09,BTC,50490.20320249071,44305.69598843338,43260.61354988908,55221.090840336,2719724309.5605927,793613595770.1195
2022-01-10,BTC,32135.65945380687,30888.52244811207,35664.163306498485,51984.046342987516,3691866489.5777297,1046255852104.8171
2022-01-11,BTC,39569.26890881284,35465.34090781666,54993.246939447854,46267.11616475545,2101524697.0216742,833435013310.7692
2022-01-12,BTC,55346.25932908364,55059.02800965891,41804.46290508263,47710.430713763184,2225253995.1128507,848277896502.2715
2022-01-13,BTC,30698.158072074777,53062.337966855295,43959.337971820394,45250.8164074884,4155940639.683173,643276076340.0988
2022-01-14,BTC,54434.054477668076,30948.359737621922,39136.23445139274,38926.453539564616,2785678065.606329,913791212280.9615
2022-01-15,BTC,38455.643243201994,37769.02566765323,46381.47639448275,46950.659785770484,4193521362.07341,630295128427.3435
2022-01-16,BTC,33544.944828649684,38087.6178805825,33069.240050135704,50666.55906150272,4289689494.673114,732095289347.0356
2022-01-17,BTC,50902.11496092452,53516.246025955494,40123.527636204584,56199.687475824234,4430249350.645135,1098521141133.9546
2022-01-18,BTC,48868.28540339652,30689.868821402746,58051.78199239391,49088.74061937744,4666540943.364829,644953066447.5986
2022-01-19,BTC,56324.16040581159,33643.800369460085,36002.13641373495,52833.64611129474,2723940882.053185,549810799621.403
2022-01-20,BTC,52052.131314116574,57997.06298806163,48358.83660078006,34802.14904863719,2275467273.2845554,548305314828.97144
2022-01-21,BTC,54104.427911545456,36249.063171901675,38080.89199096554,43846.7242325937,3328794986.3764553,1158549164352.1755
2022-01-22,BTC,38461.037177139195,52846.11377481562,51977.666896284616,30279.9485948128,2484689693.75051,854844306573.2842
2022-01-23,BTC,35323.186313391685,38336.397336635426,32057.083482268845,37400.36593564869,3404296667.200932,786588450271.9128
2022-01-24,BTC,52518.44254922575,33480.44874657708,58064.452397434885,51793.85145339015,3822343450.5752983,1067615006705.5428
2022-01-25,BTC,54205.04217801792,38511.02668498089,42067.47578289281,59754.2985404809,3753620073.9685473,1085078149537.3612
2022-01-26,BTC,59715.154260020194,55279.342614948066,35317.564363740385,32975.342987616474,2498211548.0804853,732533723180.9232
2022-01-27,BTC,42378.53030734279,59949.37638372,30278.399167230393,42044.82947583865,1667440806.7950113,985532640231.6567
2022-01-28,BTC,41160.542573783496,59057.69525984471,33262.495057713764,54002.12906097478,2722117353.84883,1039785971096.3206
2022-01-29,BTC,53292.388822259905,43901.42353664592,44112.992405236546,36121.06903886697,1570376576.3276348,958255480806.1682
2022-01-30,BTC,40224.106207590536,53382.979779972615,38447.09846936988,46652.54847906859,4560388140.735233,606116552360.0696
2022-01-31,BTC,57922.71976810694,37174.45033955373,53695.38434236089,51992.13888089024,2383509842.9514294,1113118158461.94
2022-02-01,BTC,55752.38255529036,40260.17055913546,41357.51323351599,48479.563507805375,1617838988.8932953,877366186915.206
2022-02-02,BTC,42869.82082125055,61371.75364823919,35710.142450216525,35640.742038462486,1101791039.6230035,697730698459.0026
2022-02-03,BTC,52526.13203374492,30455.067322875762,47131.49458472493,40661.537060572184,3583289545.145937,797659729806.3857
2022-02-04,BTC,52636.28622254047,32992.79857990638,49910.09372344882,53513.75353456192,3547609269.818973,526299763279.23517
2022-02-05,BTC,33093.71606507798,37276.01893011096,33178.29914492945,46626.7954239605,2362416666.3251667,589506760855.6923
2022-02-06,BTC,57076.587200387,30928.62713558369,33196.19570493785,30156.88840628738,1286847555.390604,1035882725361.1025
2022-02-07,BTC,45157.57117343572,36350.24022814291,29136.814234939833,52829.722800842814,2638515579.580928,500008144328.7563
2022-02-08,BTC,54793.72398323225,50406.454633939225,50828.46246703486,31059.340648207173,2244869980.2535744,791596079937.6045
2022-02-09,BTC,39601.48803091835,44749.85927073743,48577.940356275954,52372.01348193696,3708482558.9400373,865757126759.9119
2022-02-10,BTC,56865.69685488602,61243.50988769412,42713.55714824423,36074.41680495712,3423116997.8107615,538244094000.6806
2022-02-11,BTC,41676.05036202489,58610.52466084543,54169.28391804511,58742.2044035814,2458374912.79016,1181154714080.6328
2022-02-12,BTC,30325.129544408952,41963.60730942566,52975.77474145165,41038.22253906253,1871570217.0199604,658287731874.7704
2022-02-13,BTC,57161.459292577914,39079.820170095234,46145.98529629932,39807.94849014237,4952143864.622368,712939103745.3966
2022-02-14,BTC,32738.600303584008,43289.23428585434,54916.40969591102,34466.64150997334,2816006484.7844596,712759758578.5192
2022-02-15,BTC,39579.409127712446,50660.32298801827,34381.07751113982,39168.126464706445,3753096943.1209483,661291663482.1449
2022-02-16,BTC,58501.859011524146,39382.22742880067,31469.508201329565,56299.522854846015,1562211870.3134432,501031675460.41797
2022-02-17,BTC,58518.21440812668,51845.21177471969,36362.23795702668,59890.03012881742,2942358798.6375914,1010541355861.5974
2022-02-18,BTC,47203.136643698585,44329.407826693416,29769.69253876876,41049.28591520545,1110146879.477862,1176791849859.4998
2022-02-19,BTC,48955.11636509398,49321.65132981931,44466.25536803199,43458.318928636276,3021820471.6418,657005438299.5315
2022-02-20,BTC,43453.36565934959,45264.42851973609,57034.7764611438,51662.12814608211,4856069628.47081,964133034262.3958
2022-02-21,BTC,38796.323150941935,40306.30158396712,29219.649760723798,56585.873413952235,2536826851.943201,1019327428871.1006
2022-02-22,BTC,39859.93636109748,63195.86574367549,31785.407334310832,47791.33002560353,1155984050.2996464,1093897765363.3673
2022-02-23,BTC,50175.553682311154,56726.20279559163,42018.169876786495,41745.77094533488,1123823163.6773741,795840437909.5264
2022-02-24,BTC,52571.2358831304,34903.96115182584,56950.12554336505,42378.655225458715,2551947039.787478,712051633948.3005
2022-02-25,BTC,53747.37131177545,60396.37915642695,37800.839254279264,50868.54439490421,1640099745.852776,727706593816.1218
2022-02-26,BTC,53688.544283836614,47060.09193873298,43724.27906934016,30096.54790812836,1093408385.3127437,998834933168.959
2022-02-27,BTC,32736.183091460713,61309.3279412932,29288.758630562155,48587.68012379522,4024854455.8007073,1071745626553.9452
2022-02-28,BTC,44832.609141077446,57994.933958156034,32598.639229824756,40664.79031324072,2834092035.5275626,627129777429.6218
2022-03-01,BTC,31726.762800499328,44882.47265642317,58585.53381172425,53825.91993831252,2156979087.8906183,759658705710.4357
2022-03-02,BTC,46485.86646971207,30786.42579120411,57918.679589517415,32789.719194693964,4600332732.065923,1131358137724.405
2022-03-03,BTC,43245.91504120131,39403.70757847311,28153.139408966697,47646.068008451715,1464555840.8021026,1064685463786.3175
2022-03-04,BTC,56631.12548274899,48957.19751313034,57506.16534812041,44429.18669658371,4823675315.821277,1189400881933.733
2022-03-05,BTC,40527.45037656236,52171.73769391516,47812.718072280506,49269.76577715682,2255866869.5094113,1027973781777.4565
2022-03-06,BTC,33512.01049282817,39026.06899016208,54905.46713012068,31945.607834489052,4553614689.234725,775236640719.5457
2022-03-07,BTC,34289.75046158508,34877.46259254884,42096.935524649634,47399.51362284394,3411771505.917846,913446483796.2465
2022-03-08,BTC,52845.31895152417,59222.558287975466,43983.476885956756,46844.53763878571,4306829438.96595,962709977973.1243
2022-03-09,BTC,48546.54189948783,64454.07632462432,43154.243987964524,46819.80283248513,4936052652.841857,554919071421.9868
2022-03-10,BTC,33033.68028368371,48399.156380594,48672.79198392923,48104.629997893644,2153621751.274983,881147871372.7056
2022-03-11,BTC,32523.204183449925,36008.77500469062,32329.1888974457,50294.03811679086,4844541941.630372,996524579930.8267
2022-03-12,BTC,51029.073943773605,39530.75642817791,28929.181286053015,54149.66999042309,2557927579.609681,617124912800.7423
2022-03-13,BTC,32182.890190925806,30643.673679161337,37545.828189326916,38094.62160384643,2542047618.947689,1046442202197.89
2022-03-14,BTC,54655.80177871069,62000.45822961746,49845.10364483605,54751.48230540186,2361548417.0180225,908640946359.8782
2022-03-15,BTC,51187.266814694885,34121.28790115494,34257.4570158114,44947.670467903605,3165630429.390341,1166555249988.3164
2022-03-16,BTC,32440.463419256994,50178.07664299887,48876.40543307243,32311.748374029936,1616580172.7139482,529695608744.8242
2022-03-17,BTC,32545.131422555758,39591.93272405221,58067.27342932539,31756.527877319375,3214845941.4320445,685728296288.8269
2022-03-18,BTC,59599.18735503526,49396.23008805277,30910.92218947197,40027.14956088182,3166819249.640016,921087715509.8768
2022-03-19,BTC,41228.12387268361,52799.71359231525,48850.665664978915,53546.909313344026,4047607250.41948,707591938544.1515
2022-03-20,BTC,41119.26441200673,59040.963129752054,41756.256798441704,51230.428042227475,4334599847.750342,1000096914849.8696
2022-03-21,BTC,54383.98701772508,37224.74451162111,54912.40988570267,53658.448940172195,2761765401.2496963,1031303697765.3517
2022-03-22,BTC,58417.45732151576,30384.854003046818,33491.643472868964,45518.07169324828,2209332997.4059753,571761174846.5321
2022-03-23,BTC,59580.03191468613,34790.99705240825,49471.4045190111,43205.96993866472,2037339589.2683778,859698124944.7374
2022-03-24,BTC,52601.34555776825,61500.65246468368,53981.573979091416,34423.57580118852,1778495346.8194876,856223388913.7391
2022-03-25,BTC,41287.78756592747,60586.15271468803,57283.04080369472,39845.78260827935,1230590328.7960997,758496539150.8788
2022-03-26,BTC,32505.02150096006,50909.45857596079,49180.688876979024,43020.58098521626,2369791915.3388534,1153047403798.7705
2022-03-27,BTC,53314.4074778231,51018.09011517787,43412.41768426125,32658.012890388516,2080990768.523133,1079254423911.2549
2022-03-28,BTC,46752.127492074156,53276.28360911894,47153.264446237634,36618.35858133634,4865669543.46563,988046567336.7457
2022-03-29,BTC,42726.66027740929,36137.994751820734,54936.05451884026,47946.75882191217,3230835305.0001755,1000028645014.4983
2022-03-30,BTC,57190.63155284208,62004.418107373596,45688.90214580372,52069.893427175695,2389108156.1220303,823201300669.1833
2022-03-31,BTC,33335.92446918454,44656.96837122256,28941.998850601944,59950.42534178849,3321870403.974784,1144696164767.603
2022-04-01,BTC,44778.75312872577,43409.84848873241,56859.40956071631,57993.39994030673,1556786805.382782,986216799077.2998
2022-04-02,BTC,30340.609343022574,48162.11968489931,49375.3292819784,49276.95598605575,2776174996.8088117,1010286743159.0715
2022-04-03,BTC,44059.81925982379,31643.808837126926,48971.91495909465,42637.44159882216,3504937285.684255,1103183632651.1416
2022-04-04,BTC,31689.09827045512,35819.91790646278,34685.92972432923,49085.32094124698,2955591327.1698055,691850112539.5337
2022-04-05,BTC,33564.53748804216,55831.17657492297,48425.44957721238,53569.54854240696,2607115202.617297,1064949632706.6921
2022-04-06,BTC,33525.787403313145,32897.953377379425,40209.79657527892,33550.08572770162,4975393555.598793,636668422069.5444
2022-04-07,BTC,49476.30906348191,51110.323831323585,48188.222288286255,42297.14669088865,4521259048.595708,741739366571.4215
2022-04-08,BTC,52381.3463779627,38587.21883884623,31304.38393954771,55194.06856906852,3493623832.6377606,734927317988.8899
2022-04-09,BTC,47501.062952914785,43625.34649146918,48393.204442694114,41514.988557991324,3277509444.729131,1184967827872.3984
2022-04-10,BTC,58865.17645423626,40104.280786974494,58981.82549889066,47156.1681368156,3482641919.298336,1099576056623.5488
2022-04-11,BTC,41246.11738571112,42448.54507627322,29494.573204677235,47633.080825865945,1805248431.289733,990818903113.1819
2022-04-12,BTC,38571.36258845582,55166.6066814486,58292.39971086083,35534.28759400918,2580550973.0572743,1008939733130.7731
2022-04-13,BTC,56057.97384568381,40399.26004681113,40614.14678240899,40867.06324956865,1157838131.5635972,893450956081.7998
2022-04-14,BTC,36707.87515558358,49824.1624103914,54993.35696045503,40035.338662257964,2902184149.9473066,1162963466975.9634
2022-04-15,BTC,58896.67618321834,46661.76407696849,52253.95000580647,30785.901255961944,3172098335.8306527,847381127017.6531
2022-04-16,BTC,30364.63424069449,53228.49078769269,45577.504090586706,30725.752916740657,1910998944.4128385,766362396908.9261
2022-04-17,BTC,59096.36480122917,62789.04087636653,50891.92548679112,54950.91131027321,4856115388.662055,614124735852.1138
2022-04-18,BTC,31294.797358517284,55640.02340235876,55233.98240034179,38192.124299184376,4637818443.748968,1050343956582.7406
2022-04-19,BTC,56734.29341094213,37522.91325067649,40528.34997118202,45542.362987164466,3888572941.8236237,1014110752452.9141
2022-04-20,BTC,45831.033272589,31091.409727144965,38138.0280084604,38961.76720766319,3133546515.06145,769048526966.8944
2022-04-21,BTC,59788.943883579006,39179.241550493876,48695.39495247113,58220.377353460215,4479876638.59074,517635389771.4606
2022-04-22,BTC,32213.896942061965,50827.727574508914,53043.224200179015,37778.90276597321,1522609375.2938516,1087298129402.6075
2022-04-23,BTC,46615.62853203963,31799.90347194876,51630.83917807509,42889.704382168056,4162039177.0995398,507992588417.85156
2022-04-24,BTC,59079.07606857297,47372.81865204327,52732.223114617664,56181.907514538056,1499283255.8673933,992589845740.3357
2022-04-25,BTC,45692.93532510447,50889.49971209112,41503.08275920092,55258.00700375426,4176842650.197622,1179179976808.24
2022-04-26,BTC,48881.95914405788,41698.536178593626,53352.86070142567,35583.04253538832,2103070273.0054278,806362929703.7424
2022-04-27,BTC,50872.460669538516,56981.92713110377,31726.480716488863,54079.299293871314,4508362324.072756,664481383497.167
2022-04-28,BTC,43636.2319430332,33730.93885968201,44879.162036786336,43745.60660213678,4776168375.301592,993409707030.3672
2022-04-29,BTC,48826.74240252191,32629.822360753307,28178.518475441768,44489.06616256066,1595183877.6204624,1071989699410.9095
2022-04-30,BTC,47529.42935769301,55486.60646712611,38062.160726908376,34004.39917247831,2850702420.261574,882501221254.4932
2022-05-01,BTC,57034.74031472967,47342.196067216944,39360.30758101333,32418.04541271374,4923949512.650741,1176924692679.3022
2022-05-02,BTC,31363.391410243737,54094.08387497076,40281.353439886916,51838.179209212954,2933629743.8925867,536168105160.57275
2022-05-03,BTC,38428.89568776691,45218.956851131115,49559.48340738573,44893.83457065899,4454190090.05818,853356918813.1697
2022-05-04,BTC,58512.34452229676,38624.07116336874,40045.30113938072,43105.521078455386,3354926088.5252795,1002917763125.785
2022-05-05,BTC,56707.913516727494,58668.581118596994,41909.50230129845,51885.2468595719,2501319631.6784077,1103848329804.4253
2022-05-06,BTC,43669.70258357139,57979.55576391428,35363.86805710415,52965.38696973329,2143134222.1034808,625478928335.453
2022-05-07,BTC,48603.9779340461,54314.37647990494,39570.805540509544,34767.24503008061,1812892364.344349,1060002437234.577
2022-05-08,BTC,38321.43548943398,39525.07980304869,35045.3584451577,48306.75448432924,4047192765.510789,886894953002.9817
2022-05-09,BTC,35643.63479171284,50658.07334041805,30269.07363682175,34060.62246833056,2546162027.2921114,777587577392.9742
2022-05-10,BTC,43910.95214819947,42634.086392900936,46706.90639482271,52541.25258087137,3045101848.8030043,592200520005.3655
2022-05-11,BTC,40600.56684078158,33205.3725664322,48714.59675520551,49708.65468801418,2969301920.0047274,1105707031236.2388
2022-05-12,BTC,47509.68335552616,62105.9751411785,47204.20072629805,58698.438632503734,3309116116.932525,610091245725.8008
2022-05-13,BTC,32332.039108949546,34788.65208216365,42368.315357817744,32068.740490692635,4462308582.498209,716851501446.3695
2022-05-14,BTC,59231.844229985,63258.30738372808,39773.359185556124,31711.64163453763,4922957374.333717,703031872373.7058
2022-05-15,BTC,59586.32233438808,45610.202053528454,54763.34313672659,38465.61224079601,2630336834.295268,1109989823933.5981
